{"cameraMode":{"drawMode":0,"name":"Shaded","section":"Shading Mode"},"sceneLighting":false,"audioPlay":false,"sceneViewState":{"m_AlwaysRefresh":false,"showFog":true,"showSkybox":false,"showFlares":true,"showImageEffects":true,"showParticleSystems":true,"showVisualEffectGraphs":true,"m_FxEnabled":true},"in2DMode":false,"pivot":{"x":1.8650767803192139,"y":0.03305503726005554,"z":3.4172918796539308},"rotation":{"x":0.3171810805797577,"y":-0.017717378214001657,"z":0.005946799647063017,"w":0.9481961131095886},"size":0.09286291152238846,"orthographic":false}